{
  "accuracy": 0.6899395272127543,
  "report": {
    "0": {
      "precision": 0.0,
      "recall": 0.0,
      "f1-score": 0.0,
      "support": 20.0
    },
    "1": {
      "precision": 1.0,
      "recall": 0.2222222222222222,
      "f1-score": 0.36363636363636365,
      "support": 18.0
    },
    "2": {
      "precision": 0.8297872340425532,
      "recall": 0.31451612903225806,
      "f1-score": 0.45614035087719296,
      "support": 124.0
    },
    "3": {
      "precision": 0.7142857142857143,
      "recall": 0.052083333333333336,
      "f1-score": 0.0970873786407767,
      "support": 96.0
    },
    "4": {
      "precision": 0.0,
      "recall": 0.0,
      "f1-score": 0.0,
      "support": 4.0
    },
    "5": {
      "precision": 0.6666666666666666,
      "recall": 0.10909090909090909,
      "f1-score": 0.1875,
      "support": 55.0
    },
    "6": {
      "precision": 0.6422764227642277,
      "recall": 0.40512820512820513,
      "f1-score": 0.4968553459119497,
      "support": 195.0
    },
    "7": {
      "precision": 0.7555555555555555,
      "recall": 0.3469387755102041,
      "f1-score": 0.4755244755244755,
      "support": 98.0
    },
    "8": {
      "precision": 0.75,
      "recall": 0.09090909090909091,
      "f1-score": 0.16216216216216217,
      "support": 66.0
    },
    "9": {
      "precision": 0.6865482233502538,
      "recall": 0.9466316710411199,
      "f1-score": 0.7958808385435822,
      "support": 1143.0
    },
    "accuracy": 0.6899395272127543,
    "macro avg": {
      "precision": 0.6045119816664972,
      "recall": 0.2487520336267343,
      "f1-score": 0.30347869152965024,
      "support": 1819.0
    },
    "weighted avg": {
      "precision": 0.69249295130961,
      "recall": 0.6899395272127543,
      "f1-score": 0.6303586798328681,
      "support": 1819.0
    }
  },
  "confusion_matrix": [
    [
      0,
      0,
      0,
      0,
      0,
      0,
      0,
      0,
      0,
      20
    ],
    [
      0,
      4,
      0,
      0,
      0,
      0,
      0,
      0,
      0,
      14
    ],
    [
      0,
      0,
      39,
      0,
      0,
      0,
      4,
      0,
      0,
      81
    ],
    [
      0,
      0,
      0,
      5,
      0,
      1,
      0,
      0,
      0,
      90
    ],
    [
      0,
      0,
      0,
      0,
      0,
      0,
      0,
      0,
      0,
      4
    ],
    [
      0,
      0,
      0,
      0,
      0,
      6,
      0,
      0,
      0,
      49
    ],
    [
      0,
      0,
      1,
      0,
      0,
      0,
      79,
      0,
      0,
      115
    ],
    [
      0,
      0,
      0,
      0,
      0,
      0,
      3,
      34,
      0,
      61
    ],
    [
      0,
      0,
      0,
      0,
      0,
      0,
      0,
      0,
      6,
      60
    ],
    [
      0,
      0,
      7,
      2,
      0,
      2,
      37,
      11,
      2,
      1082
    ]
  ],
  "classes": [
    "Android",
    "Android App",
    "Apple",
    "Google",
    "Other Apple product or service",
    "Other Google product or service",
    "iPad",
    "iPad or iPhone App",
    "iPhone",
    "nan"
  ]
}