{
  "accuracy": 0.5912031047865459,
  "report": {
    "0": {
      "precision": 0.8322475570032574,
      "recall": 0.5182555780933062,
      "f1-score": 0.63875,
      "support": 986.0
    },
    "1": {
      "precision": 0.4117647058823529,
      "recall": 0.5384615384615384,
      "f1-score": 0.4666666666666667,
      "support": 13.0
    },
    "2": {
      "precision": 0.375,
      "recall": 0.6428571428571429,
      "f1-score": 0.47368421052631576,
      "support": 14.0
    },
    "3": {
      "precision": 0.441025641025641,
      "recall": 0.7678571428571429,
      "f1-score": 0.5602605863192183,
      "support": 112.0
    },
    "4": {
      "precision": 0.33858267716535434,
      "recall": 0.589041095890411,
      "f1-score": 0.43,
      "support": 73.0
    },
    "5": {
      "precision": 0.09090909090909091,
      "recall": 0.16666666666666666,
      "f1-score": 0.11764705882352941,
      "support": 6.0
    },
    "6": {
      "precision": 0.3269230769230769,
      "recall": 0.68,
      "f1-score": 0.44155844155844154,
      "support": 50.0
    },
    "7": {
      "precision": 0.5228215767634855,
      "recall": 0.782608695652174,
      "f1-score": 0.6268656716417911,
      "support": 161.0
    },
    "8": {
      "precision": 0.5575221238938053,
      "recall": 0.7875,
      "f1-score": 0.6528497409326425,
      "support": 80.0
    },
    "9": {
      "precision": 0.34,
      "recall": 0.6666666666666666,
      "f1-score": 0.4503311258278146,
      "support": 51.0
    },
    "accuracy": 0.5912031047865459,
    "macro avg": {
      "precision": 0.42367964495660637,
      "recall": 0.6139914527145048,
      "f1-score": 0.4858613502296419,
      "support": 1546.0
    },
    "weighted avg": {
      "precision": 0.6910207579376836,
      "recall": 0.5912031047865459,
      "f1-score": 0.6051416400639128,
      "support": 1546.0
    }
  },
  "confusion_matrix": [
    [
      511,
      10,
      13,
      102,
      73,
      8,
      65,
      100,
      46,
      58
    ],
    [
      5,
      7,
      0,
      0,
      0,
      0,
      0,
      0,
      0,
      1
    ],
    [
      3,
      0,
      9,
      0,
      0,
      0,
      0,
      0,
      2,
      0
    ],
    [
      17,
      0,
      0,
      86,
      1,
      0,
      0,
      8,
      0,
      0
    ],
    [
      25,
      0,
      0,
      0,
      43,
      0,
      5,
      0,
      0,
      0
    ],
    [
      1,
      0,
      0,
      0,
      0,
      1,
      0,
      3,
      0,
      1
    ],
    [
      6,
      0,
      0,
      0,
      10,
      0,
      34,
      0,
      0,
      0
    ],
    [
      26,
      0,
      0,
      7,
      0,
      2,
      0,
      126,
      0,
      0
    ],
    [
      7,
      0,
      2,
      0,
      0,
      0,
      0,
      2,
      63,
      6
    ],
    [
      13,
      0,
      0,
      0,
      0,
      0,
      0,
      2,
      2,
      34
    ]
  ],
  "classes": [
    "",
    "Android",
    "Android App",
    "Apple",
    "Google",
    "Other Apple product or service",
    "Other Google product or service",
    "iPad",
    "iPad or iPhone App",
    "iPhone"
  ]
}