{
  "accuracy": 0.6500646830530401,
  "report": {
    "0": {
      "precision": 0.646285338593031,
      "recall": 0.9969574036511156,
      "f1-score": 0.7842042281611488,
      "support": 986.0
    },
    "1": {
      "precision": 0.0,
      "recall": 0.0,
      "f1-score": 0.0,
      "support": 13.0
    },
    "2": {
      "precision": 0.0,
      "recall": 0.0,
      "f1-score": 0.0,
      "support": 14.0
    },
    "3": {
      "precision": 0.85,
      "recall": 0.15178571428571427,
      "f1-score": 0.25757575757575757,
      "support": 112.0
    },
    "4": {
      "precision": 0.0,
      "recall": 0.0,
      "f1-score": 0.0,
      "support": 73.0
    },
    "5": {
      "precision": 0.0,
      "recall": 0.0,
      "f1-score": 0.0,
      "support": 6.0
    },
    "6": {
      "precision": 1.0,
      "recall": 0.02,
      "f1-score": 0.0392156862745098,
      "support": 50.0
    },
    "7": {
      "precision": 1.0,
      "recall": 0.006211180124223602,
      "f1-score": 0.012345679012345678,
      "support": 161.0
    },
    "8": {
      "precision": 1.0,
      "recall": 0.0375,
      "f1-score": 0.07228915662650602,
      "support": 80.0
    },
    "9": {
      "precision": 0.0,
      "recall": 0.0,
      "f1-score": 0.0,
      "support": 51.0
    },
    "accuracy": 0.6500646830530401,
    "macro avg": {
      "precision": 0.4496285338593031,
      "recall": 0.12124542980610535,
      "f1-score": 0.11656305076502678,
      "support": 1546.0
    },
    "weighted avg": {
      "precision": 0.6619905199564867,
      "recall": 0.6500646830530401,
      "f1-score": 0.5251005336223876,
      "support": 1546.0
    }
  },
  "confusion_matrix": [
    [
      983,
      0,
      0,
      3,
      0,
      0,
      0,
      0,
      0,
      0
    ],
    [
      13,
      0,
      0,
      0,
      0,
      0,
      0,
      0,
      0,
      0
    ],
    [
      14,
      0,
      0,
      0,
      0,
      0,
      0,
      0,
      0,
      0
    ],
    [
      95,
      0,
      0,
      17,
      0,
      0,
      0,
      0,
      0,
      0
    ],
    [
      73,
      0,
      0,
      0,
      0,
      0,
      0,
      0,
      0,
      0
    ],
    [
      6,
      0,
      0,
      0,
      0,
      0,
      0,
      0,
      0,
      0
    ],
    [
      49,
      0,
      0,
      0,
      0,
      0,
      1,
      0,
      0,
      0
    ],
    [
      160,
      0,
      0,
      0,
      0,
      0,
      0,
      1,
      0,
      0
    ],
    [
      77,
      0,
      0,
      0,
      0,
      0,
      0,
      0,
      3,
      0
    ],
    [
      51,
      0,
      0,
      0,
      0,
      0,
      0,
      0,
      0,
      0
    ]
  ],
  "classes": [
    "",
    "Android",
    "Android App",
    "Apple",
    "Google",
    "Other Apple product or service",
    "Other Google product or service",
    "iPad",
    "iPad or iPhone App",
    "iPhone"
  ]
}