{
  "accuracy": 0.6646509070918087,
  "report": {
    "0": {
      "precision": 0.0,
      "recall": 0.0,
      "f1-score": 0.0,
      "support": 9.0
    },
    "1": {
      "precision": 0.0,
      "recall": 0.0,
      "f1-score": 0.0,
      "support": 19.0
    },
    "2": {
      "precision": 0.75,
      "recall": 0.14516129032258066,
      "f1-score": 0.24324324324324326,
      "support": 124.0
    },
    "3": {
      "precision": 0.0,
      "recall": 0.0,
      "f1-score": 0.0,
      "support": 79.0
    },
    "4": {
      "precision": 0.0,
      "recall": 0.0,
      "f1-score": 0.0,
      "support": 9.0
    },
    "5": {
      "precision": 0.0,
      "recall": 0.0,
      "f1-score": 0.0,
      "support": 60.0
    },
    "6": {
      "precision": 0.3333333333333333,
      "recall": 0.005681818181818182,
      "f1-score": 0.0111731843575419,
      "support": 176.0
    },
    "7": {
      "precision": 0.5,
      "recall": 0.011494252873563218,
      "f1-score": 0.02247191011235955,
      "support": 87.0
    },
    "8": {
      "precision": 0.0,
      "recall": 0.0,
      "f1-score": 0.0,
      "support": 58.0
    },
    "9": {
      "precision": 0.6642458100558659,
      "recall": 0.9924874791318865,
      "f1-score": 0.7958500669344043,
      "support": 1198.0
    },
    "accuracy": 0.6646509070918087,
    "macro avg": {
      "precision": 0.22475791433891992,
      "recall": 0.11548248405098485,
      "f1-score": 0.1072738404647549,
      "support": 1819.0
    },
    "weighted avg": {
      "precision": 0.5447680852741034,
      "recall": 0.6646509070918087,
      "f1-score": 0.5428873441320952,
      "support": 1819.0
    }
  },
  "confusion_matrix": [
    [
      0,
      0,
      0,
      0,
      0,
      0,
      0,
      0,
      0,
      9
    ],
    [
      0,
      0,
      0,
      0,
      0,
      0,
      0,
      0,
      0,
      19
    ],
    [
      0,
      0,
      18,
      0,
      0,
      0,
      0,
      0,
      0,
      106
    ],
    [
      0,
      0,
      0,
      0,
      0,
      0,
      0,
      0,
      0,
      79
    ],
    [
      0,
      0,
      0,
      0,
      0,
      0,
      0,
      0,
      0,
      9
    ],
    [
      0,
      0,
      0,
      0,
      0,
      0,
      0,
      0,
      0,
      60
    ],
    [
      0,
      0,
      0,
      0,
      0,
      0,
      1,
      0,
      0,
      175
    ],
    [
      0,
      0,
      0,
      0,
      0,
      0,
      0,
      1,
      0,
      86
    ],
    [
      0,
      0,
      0,
      0,
      0,
      0,
      0,
      0,
      0,
      58
    ],
    [
      0,
      0,
      6,
      0,
      0,
      0,
      2,
      1,
      0,
      1189
    ]
  ],
  "classes": [
    "Android",
    "Android App",
    "Apple",
    "Google",
    "Other Apple product or service",
    "Other Google product or service",
    "iPad",
    "iPad or iPhone App",
    "iPhone",
    "nan"
  ]
}