{
  "accuracy": 0.702583837273227,
  "report": {
    "0": {
      "precision": 1.0,
      "recall": 0.1111111111111111,
      "f1-score": 0.2,
      "support": 9.0
    },
    "1": {
      "precision": 0.875,
      "recall": 0.3684210526315789,
      "f1-score": 0.5185185185185185,
      "support": 19.0
    },
    "2": {
      "precision": 0.6724137931034483,
      "recall": 0.31451612903225806,
      "f1-score": 0.42857142857142855,
      "support": 124.0
    },
    "3": {
      "precision": 0.59375,
      "recall": 0.24050632911392406,
      "f1-score": 0.34234234234234234,
      "support": 79.0
    },
    "4": {
      "precision": 0.0,
      "recall": 0.0,
      "f1-score": 0.0,
      "support": 9.0
    },
    "5": {
      "precision": 0.5454545454545454,
      "recall": 0.2,
      "f1-score": 0.2926829268292683,
      "support": 60.0
    },
    "6": {
      "precision": 0.5684210526315789,
      "recall": 0.3068181818181818,
      "f1-score": 0.3985239852398524,
      "support": 176.0
    },
    "7": {
      "precision": 0.6060606060606061,
      "recall": 0.45977011494252873,
      "f1-score": 0.5228758169934641,
      "support": 87.0
    },
    "8": {
      "precision": 0.6875,
      "recall": 0.1896551724137931,
      "f1-score": 0.2972972972972973,
      "support": 58.0
    },
    "9": {
      "precision": 0.7203947368421053,
      "recall": 0.9140233722871453,
      "f1-score": 0.8057395143487859,
      "support": 1198.0
    },
    "accuracy": 0.702583837273227,
    "macro avg": {
      "precision": 0.6268994734092284,
      "recall": 0.3104821463350521,
      "f1-score": 0.38065518301409573,
      "support": 1819.0
    },
    "weighted avg": {
      "precision": 0.6840654787242294,
      "recall": 0.702583837273227,
      "f1-score": 0.6638539464338892,
      "support": 1819.0
    }
  },
  "confusion_matrix": [
    [
      1,
      0,
      0,
      0,
      0,
      0,
      0,
      0,
      0,
      8
    ],
    [
      0,
      7,
      0,
      0,
      0,
      1,
      0,
      0,
      0,
      11
    ],
    [
      0,
      0,
      39,
      0,
      0,
      0,
      3,
      0,
      0,
      82
    ],
    [
      0,
      0,
      0,
      19,
      0,
      1,
      0,
      0,
      0,
      59
    ],
    [
      0,
      0,
      0,
      0,
      0,
      0,
      0,
      0,
      0,
      9
    ],
    [
      0,
      0,
      0,
      2,
      0,
      12,
      0,
      0,
      0,
      46
    ],
    [
      0,
      0,
      1,
      0,
      1,
      0,
      54,
      1,
      1,
      118
    ],
    [
      0,
      0,
      0,
      0,
      0,
      0,
      0,
      40,
      0,
      47
    ],
    [
      0,
      0,
      0,
      0,
      0,
      0,
      0,
      2,
      11,
      45
    ],
    [
      0,
      1,
      18,
      11,
      0,
      8,
      38,
      23,
      4,
      1095
    ]
  ],
  "classes": [
    "Android",
    "Android App",
    "Apple",
    "Google",
    "Other Apple product or service",
    "Other Google product or service",
    "iPad",
    "iPad or iPhone App",
    "iPhone",
    "nan"
  ]
}